id,type,latitude,longitude,install_date,last_maintenance,status,usage_level
6c152301-8c40-42f6-8847-710587f78ce0,water_tank,5.113311,11.598606,2017-09-30,2019-01-22,non-functional,medium
eb583860-7d90-4eae-97b6-f7a8f15867d0,borehole,9.904925,3.081392,2016-01-19,2021-11-17,degraded,medium
5104e907-dc41-468b-8dfa-2b33a2f132ef,water_tank,10.498844,9.239298,2017-06-21,2020-10-02,functional,high
d7edbecf-c68b-4694-ab8a-df16e659f441,borehole,10.981394,6.783006,2016-09-28,2020-09-05,functional,low
3f095f64-072e-4ffc-a5b7-cd1cea049064,solar_panel,12.474944,9.944712,2024-01-19,,functional,medium
1dd3b40a-b96e-4002-af30-25d86772f601,solar_panel,4.788002,6.218139,2022-01-18,2024-08-17,functional,medium
3388f6ba-b492-4e9e-bd6a-4f1406b0e9ce,borehole,4.458244,5.434779,2018-03-31,2021-01-07,degraded,high
ebbbc3c1-4cf3-4b14-8c93-3e0180395b90,solar_panel,10.356844,7.077986,2019-02-25,2022-04-23,degraded,medium
ee87a795-4c6e-42e4-91a7-c5cd3f7b2369,borehole,10.09131,4.753664,2023-03-06,2024-08-20,non-functional,medium
fde27353-2b0a-470d-b648-fed2436aaa04,water_tank,10.88162,5.335382,2018-08-21,2019-06-06,functional,low
d7b44a70-3f81-463f-82cc-b86964f65934,solar_panel,8.011648,3.494263,2021-05-12,2023-04-16,functional,low
ae01d59b-5df0-4b44-940d-97f923891f2e,water_tank,8.588519,5.878562,2017-10-07,2023-12-22,functional,low
a1952d5f-b1bf-4958-baad-ea8b21f45646,water_tank,7.994005,5.331849,2016-07-20,2017-09-25,non-functional,high
2c9ebd04-b5fe-4404-b649-0e6881f4cdee,borehole,10.27446,12.204952,2019-09-26,2022-01-21,non-functional,medium
0c8aa3bf-8ae4-490f-9624-b4ae17568242,water_tank,6.514141,9.338711,2015-02-17,2016-07-30,degraded,medium
826e7742-767d-4618-bd06-12b3089f98e3,solar_panel,11.685987,6.782106,2018-04-17,2023-07-18,degraded,low
a66db577-9a18-428b-a7dd-a0c8e97d27ca,water_tank,6.633891,8.707033,2017-01-01,2018-05-11,functional,high
765fd487-183d-4d51-b7f9-00d6b6c228ac,water_tank,9.076629,5.086933,2019-03-12,2019-05-13,degraded,medium
99cb4cb4-3e47-4416-bc41-3a212e5d0cd7,borehole,13.290986,13.244663,2024-04-29,2024-08-28,degraded,low
d3faef5b-1752-45a4-8196-36444284098c,borehole,4.856535,8.531886,2015-10-11,2021-11-29,functional,high
d798a70e-996b-490a-bf6b-be7669b78265,solar_panel,13.468487,4.681524,2020-12-01,2023-06-15,non-functional,high
7d1b0211-cbf8-4e43-9808-f18a21fccd9d,water_tank,10.898676,11.255388,2019-06-23,2023-04-13,non-functional,medium
d9928958-2de8-4dbc-8517-a28373ab2d5d,solar_panel,5.210042,5.396368,2018-10-16,,degraded,medium
79152260-04ce-4900-b20e-772e2baffcbc,borehole,4.709931,10.273235,2017-07-26,,functional,low
af934f65-96fd-4918-9552-e6aaa256d8a4,water_tank,6.380046,10.727733,2017-05-27,2023-12-20,functional,medium
ec48c3eb-80dc-451c-8212-60bab03a3631,solar_panel,12.07497,4.984919,2016-02-02,2020-03-23,degraded,medium
c721b5fa-58b8-4b98-ba0d-ccbb961c2f81,water_tank,4.541712,10.541466,2022-03-31,,functional,medium
c9ebcead-bb39-4869-b0ce-ed200ca473cb,borehole,6.486563,4.982507,2020-01-12,,degraded,low
18436991-c245-43ba-97fe-1fa8979bcf4e,borehole,8.431307,13.036189,2021-03-04,,degraded,medium
c9c9071e-58ed-4efb-9be2-3117a34f1958,borehole,13.689963,13.816404,2024-07-08,2024-10-28,functional,medium
2829576d-8c78-40d1-bd22-f2f884985bb0,solar_panel,13.024429,4.675645,2015-01-09,2018-02-28,non-functional,high
348bdeb2-59cc-48a7-b765-acd307a0ab6d,solar_panel,8.230075,14.187812,2023-10-14,2024-12-14,functional,medium
57d62046-d87c-40d0-a89a-cf648aa3717e,borehole,13.687094,9.650163,2021-01-29,,functional,medium
3d3790f7-354d-4434-8acc-b5e15fdc68d0,solar_panel,9.028504,12.932639,2016-10-06,,non-functional,medium
ec47b18f-dafd-48e2-bd1d-9e6826f030ca,borehole,9.950351,10.802551,2017-08-21,2024-03-10,functional,low
0333a73f-ace3-4960-9d09-1a9832f455b3,water_tank,4.819834,10.588478,2021-05-04,2022-12-19,degraded,low
b3df0fc1-994a-4bc1-820e-1bca51393a07,borehole,6.656145,4.270539,2022-03-28,2023-04-15,non-functional,high
45e17303-050a-4b5c-a5f4-ee0a71d3f33c,borehole,8.582855,14.681453,2016-02-14,,functional,low
8d29d440-fd17-4ace-9757-647e6957156f,solar_panel,12.808642,13.251243,2019-02-22,2024-03-21,degraded,high
b7a706d8-33a3-40b3-8a9f-51d5ee7b0f21,water_tank,13.838533,12.385199,2020-12-06,,functional,high
84c4ded0-c2f0-4ee1-ba78-f04c3e851ee4,water_tank,5.035865,13.237524,2017-12-19,,degraded,low
addb3516-beaf-4451-8cae-096d7910e473,solar_panel,6.817563,5.227556,2018-11-05,2021-12-20,functional,medium
816a2ed8-4561-4175-a865-e7f5ad3c14b7,borehole,4.922985,7.782909,2018-02-07,,functional,medium
8af11f82-9530-4641-8444-a6df5f4f9b83,solar_panel,5.61582,8.002026,2022-11-30,2023-02-07,non-functional,low
407c011b-c8f9-4b81-86b1-cfc977a38b84,water_tank,13.039286,9.247083,2024-05-11,2024-11-28,functional,low
1e73be7e-fca3-4353-8e50-09159c6408b3,solar_panel,7.646515,13.897056,2024-08-26,,degraded,medium
79968825-3205-409e-b3be-6246a8a2ed9b,water_tank,5.027936,12.061395,2024-11-30,,non-functional,high
85aedf30-6282-4064-8807-e3dd1090f36f,borehole,12.646057,14.414472,2024-02-03,,functional,medium
74c3bce9-6cd3-4c63-94f6-a796a5973b7e,solar_panel,11.823865,7.640558,2022-07-06,2024-12-12,functional,low
f87e9b78-e6fd-4ac7-a0a1-c0ccba1c2c22,water_tank,5.080956,13.166001,2024-08-17,2024-11-10,functional,high
9e768f9a-d7f7-402b-b753-d2ccdcb089bc,solar_panel,12.205364,13.155876,2017-07-02,,functional,low
ca79f9fb-abb3-4bee-9a66-62bbfd7f0e9e,borehole,13.668891,6.0495,2022-03-12,2024-04-05,functional,high
0ab3c60f-8274-408d-8bf2-353fa8fe4fc4,borehole,5.153418,14.344807,2017-01-01,2020-02-22,degraded,low
212e1715-6033-4423-b211-0add6429863b,solar_panel,11.285451,6.464128,2021-10-19,2022-08-11,degraded,medium
a28e7bc8-0d4d-49cb-af3c-74c01601a0df,solar_panel,4.443865,7.93269,2020-10-30,2024-01-05,non-functional,medium
5d57bf9d-a570-4dd0-96ea-13155f7b7d27,water_tank,10.706285,7.070658,2015-10-14,2019-08-26,degraded,medium
411b0409-8573-4952-9277-535fa66703f8,borehole,11.197543,6.303867,2018-06-20,2022-04-16,functional,medium
767567c5-4511-4a59-b8b6-1a529a06ae81,borehole,5.918401,10.679153,2019-04-02,2024-06-22,functional,low
a790b6ec-9020-41ae-a077-0813c19113c3,solar_panel,9.479372,2.704871,2018-03-21,2024-11-19,functional,medium
60c38092-7974-4c48-bdcd-59fbb05bab83,solar_panel,8.421598,5.264417,2020-04-22,2024-12-07,functional,medium
19528357-621b-4e27-8c82-70721eddde7b,solar_panel,9.15452,10.29529,2018-10-04,,functional,high
6713dd57-b3ed-48b5-80fd-10dfa1969fa4,solar_panel,6.246407,5.089559,2015-04-11,,non-functional,high
71212f08-a46b-4d75-a028-9df4ae76cf9b,borehole,8.554162,13.333643,2021-06-15,,degraded,medium
27ac95b4-7ee4-4fee-855d-5d8bb7aa8841,borehole,5.475713,10.951469,2023-06-03,2023-11-19,functional,high
7db75162-7d54-4fe3-87bd-8683e5c85ba3,water_tank,9.179578,3.302621,2017-10-17,2019-04-27,non-functional,medium
2ab6971e-fa5e-460b-b204-9364760fedb8,water_tank,9.311319,9.407103,2018-07-23,2023-09-07,degraded,medium
411dc3eb-9c17-440f-b32d-01351e483870,water_tank,8.267408,13.582257,2020-01-01,2024-05-02,functional,high
573c583a-8c8b-40df-81ea-7b2576f67b25,borehole,12.398629,6.027736,2023-09-21,2024-10-05,functional,low
1ef3bfe8-99ec-42eb-badd-7012a5bc681f,water_tank,6.857282,5.960581,2018-08-02,2019-08-27,functional,low
4ed1ccc7-064b-48fd-93a6-61003b23d3ee,water_tank,5.528053,5.267435,2019-08-27,2022-11-10,functional,medium
cef8eeb6-03f2-4113-a016-821bf3583df5,solar_panel,7.894768,11.937549,2022-10-19,,degraded,high
1765bf21-1e3d-4b3e-a065-b19c15ae6be8,solar_panel,4.058961,6.921106,2023-06-14,2024-11-11,functional,high
f877544c-8f39-400e-b816-3aa80d9db524,water_tank,11.346341,12.298418,2017-06-22,2020-09-11,functional,medium
b69cfeae-2dce-412b-a46d-696c008a4474,solar_panel,10.688736,12.277708,2023-02-14,,functional,medium
d6af3076-c21d-421e-a175-eb69d003acf8,water_tank,9.341236,13.583146,2021-08-21,2021-12-14,functional,low
02f91edf-031f-45b2-bee7-27ef969ba589,solar_panel,5.81729,5.821876,2018-09-02,2022-07-01,non-functional,medium
0c4c8f08-6fd0-4807-aad9-30d3653e64ab,solar_panel,11.520098,12.683091,2017-10-30,2023-04-08,degraded,low
15e15ee4-803d-4e9a-a372-884eefb786eb,solar_panel,6.242222,3.52342,2022-04-23,,functional,low
384fd382-3a41-4195-9c93-702373dcb81d,borehole,10.213357,5.562539,2020-04-23,2023-08-21,functional,high
3f21d80b-2582-4746-bfd2-45582cd7d2f5,solar_panel,11.668981,4.71347,2021-10-23,2022-08-13,functional,high
11f45751-8e49-42c4-b8ac-14e83b4bbe89,solar_panel,5.080987,3.008141,2018-07-01,2022-11-14,degraded,medium
9f280d7f-dcf9-4209-bc4e-f8b144a3b3a8,borehole,9.920979,12.66686,2017-09-21,,non-functional,high
7d6ecf15-1684-485f-b106-47aa83b40886,water_tank,12.05528,12.254727,2021-05-07,2023-06-17,degraded,medium
34344769-5c7f-404f-ae80-0b95c40f6b78,borehole,9.059608,6.794774,2024-07-11,2024-11-10,non-functional,low
af978c0b-ced2-46db-aff7-24bc63645a89,water_tank,12.91575,8.216872,2016-09-18,2022-09-24,functional,high
c1950771-5e88-481c-a1d3-fb9e6198b290,water_tank,11.746415,8.278485,2024-04-05,2024-08-11,functional,medium
0ad472aa-7faa-43e8-a6b0-8e4687c80813,borehole,6.789282,8.109624,2023-06-01,2024-08-22,functional,medium
6a33bead-1ce2-4ee6-9862-2eafc2086a9e,solar_panel,5.818399,5.245438,2023-12-12,2024-07-02,degraded,high
8e4bb2a2-116f-4333-a823-e86dce26cc5f,solar_panel,9.55791,8.899527,2017-02-21,,degraded,medium
fb72f04f-faf1-4b59-84be-03a3249c2c94,borehole,10.906093,10.450835,2020-07-03,2020-10-06,functional,low
0b644257-6598-46d9-b6a6-788ffbb8f574,water_tank,6.433052,10.66752,2019-02-20,2023-02-27,degraded,medium
41ca9f72-8ee0-4021-8644-daf89bf1fbbd,solar_panel,7.518105,8.144943,2018-06-09,2019-12-15,functional,medium
3eed726c-b1f9-4750-90b8-f85488695755,water_tank,9.35864,11.846275,2017-01-28,,functional,medium
367a4182-bfe1-48d2-bd68-7cfc6626100e,water_tank,13.76607,8.995642,2018-03-05,2020-07-07,functional,low
7591c0a6-1d11-449f-bf79-65c9a04a58fb,solar_panel,4.141484,9.109621,2018-01-28,,functional,low
49b91f40-7f86-4758-a37f-c67391021047,borehole,10.378697,11.733506,2016-02-25,2022-10-02,functional,low
2fc9386b-8a35-47ab-ac16-307fad2163a1,solar_panel,5.843637,3.316521,2024-08-30,2024-11-06,functional,medium
ef63ad23-a51b-4306-8c94-e849a014b1b8,water_tank,10.86451,4.520724,2024-02-05,2024-09-07,functional,low
9d4b36e9-58b4-4d52-87e3-c35c116ae925,water_tank,11.644434,9.975812,2023-11-13,2024-10-05,non-functional,medium
198a3775-5881-4e0d-9772-c1e7e839f327,solar_panel,12.601667,14.580375,2018-06-04,2019-04-06,degraded,medium
c920192c-9810-425e-ab03-8a48bc6feb46,borehole,10.25515,5.875754,2015-11-29,,functional,low
36b33e34-2abe-4a43-a8dd-23b22a9874e3,borehole,8.085176,10.972454,2020-04-08,2021-09-24,functional,low
6acc5c98-ea38-4201-aee4-c25e61da09ee,solar_panel,4.711798,5.501086,2017-12-19,2024-09-28,non-functional,medium
ff1a9d43-763b-4841-a73d-3956d80b60d8,solar_panel,5.147763,5.397713,2016-09-02,2018-06-06,functional,low
cfb1fa79-dd5d-4eb5-8650-6afd42abe93a,solar_panel,9.95044,12.590884,2018-03-28,2023-08-28,degraded,medium
fcbf2b65-f3f4-441a-9cb8-470ae886b62d,solar_panel,9.004722,8.625543,2015-11-26,2020-11-28,degraded,medium
26d14f0e-ad97-4260-9908-833b998d69a2,borehole,4.913269,14.242933,2024-05-17,2024-12-13,non-functional,high
b1340df8-f237-4db5-9a96-6b99ba43b8a5,water_tank,12.214212,9.614964,2023-07-23,2024-05-18,functional,medium
dfff8d72-bf15-4ed9-ba0a-272280f10a00,solar_panel,5.814891,9.723956,2022-02-13,2024-12-31,functional,low
cae4afde-da85-432f-8953-122aa1fcfee9,solar_panel,7.210583,3.955199,2016-10-20,2024-09-29,degraded,medium
9276c66a-a1e6-435a-af52-60d9ab540b52,solar_panel,12.13566,9.301159,2020-02-06,,functional,low
3c119893-3899-472c-809d-e6204e702fd7,solar_panel,12.649106,12.599126,2015-01-05,2021-04-05,functional,medium
0e14db0c-de7c-4f03-a990-00867e13f1ed,water_tank,7.617794,11.777318,2022-01-05,2022-06-19,functional,low
3c684100-41da-47dd-89bc-805a3e860258,solar_panel,8.381161,11.079,2016-05-12,,non-functional,medium
b5c9eb2d-8b39-4cd8-9c7d-cb6708307186,water_tank,5.583782,9.310068,2021-03-12,2022-08-14,non-functional,high
08963a35-7d87-4fd5-aae8-cfb7ff99ceff,solar_panel,13.470607,10.472516,2016-09-22,2024-12-04,degraded,low
26ebe3ad-6557-454e-b8cd-93d3eff7cb31,solar_panel,12.347239,14.462936,2017-09-25,2019-07-09,non-functional,medium
c17703cf-7d2e-477d-a775-a309225437e0,water_tank,11.462925,4.3381,2015-10-13,2024-10-20,functional,high
7afc3eb6-cdbe-4b75-b178-6694b6e2b3b2,water_tank,6.671727,2.730783,2023-02-21,2024-12-13,functional,medium
97e9813c-92e3-4d7d-9e72-d0482befd68f,borehole,8.465474,8.512097,2018-09-23,2024-12-25,non-functional,medium
8659e974-7831-4feb-8e71-339e902b822b,borehole,13.807746,5.565667,2019-04-18,2023-10-22,functional,medium
662ce68b-f9e5-48c6-b1d9-087aff0b0138,solar_panel,11.052279,12.436907,2019-05-01,2023-12-08,non-functional,high
a16ac1e5-9c60-447f-96a7-31005597989d,solar_panel,13.648244,4.214955,2021-08-14,2022-05-06,functional,high
4e0ecde0-75f6-4092-94f0-934e5460b99a,water_tank,13.104417,2.884171,2016-08-13,2024-02-14,functional,high
4fea2889-14fc-43a2-9660-b573619ab99b,solar_panel,7.385612,11.012455,2022-04-15,,degraded,medium
a19900d1-d4db-4982-aaa1-71e57cea8b3c,water_tank,7.800094,6.499934,2023-01-22,2024-08-03,functional,high
d9bb5d12-ebd5-498c-80f7-bc8fd01c7dda,borehole,6.347702,10.912795,2018-03-23,2019-05-27,functional,medium
cf253064-076b-458c-871a-4b54bd057bd6,water_tank,11.038908,3.906087,2016-11-12,2017-05-09,non-functional,low
cda04993-8eda-4bee-9ed6-afa6739b97f7,solar_panel,7.584633,7.868241,2017-09-27,2024-04-01,functional,medium
4dbca4fe-8403-4e47-8ead-0aabf3848458,borehole,4.789684,13.150075,2021-12-13,2024-11-26,functional,high
31e8caf5-4fce-4d68-98b8-d30688d8ba21,solar_panel,10.379046,8.214846,2022-06-24,,non-functional,high
04e1fdba-33ef-4cc4-962c-b6c0b08df3ae,water_tank,9.465981,3.586343,2018-11-16,2022-05-24,functional,medium
c41eb79f-b4a8-48e5-ae56-48c358963a30,solar_panel,8.568358,6.32546,2019-04-25,2020-01-28,degraded,low
325b4a53-52b7-4ab4-a952-463f6dec7e22,water_tank,6.958724,11.091349,2015-03-31,2022-10-16,functional,medium
a7194d7f-4fa0-4a12-a515-820b42c15be3,water_tank,11.783116,14.383234,2021-10-19,2023-07-27,functional,high
dc4c2d57-8d6a-45fe-adc5-1fdb9208548f,solar_panel,6.190045,4.981584,2017-10-23,2019-07-05,non-functional,medium
6f927d7b-aa71-4d27-8f96-e98152c2a7f5,water_tank,4.394226,12.163326,2015-05-17,2023-10-01,non-functional,low
f264ebca-58e1-4b15-8140-4f08f4720232,solar_panel,11.474809,4.807681,2016-06-25,2020-09-30,non-functional,medium
9a957ba3-20d5-49bf-ba52-1eeb89b83dbf,borehole,6.569701,12.596278,2020-05-27,2022-03-22,functional,medium
5593adb4-a703-454b-94ad-02f36410b0e8,borehole,8.683314,3.603592,2023-06-17,2024-10-29,degraded,medium
7a2ff8fc-5eb3-430e-9e81-dca861df86c6,solar_panel,13.672697,12.355052,2019-02-07,,functional,medium
a8f10d2f-5e9c-42e3-b815-6a622d25c92e,borehole,8.54786,10.773941,2022-07-16,2023-10-09,non-functional,high
1d53589f-4a52-47fc-84f0-23d26e1b8c1c,borehole,10.748366,8.357722,2021-12-12,2023-12-13,functional,high
e05d6b8b-a90e-4fa7-8c23-85296f289d6e,borehole,10.354039,8.27121,2022-11-11,2024-03-03,functional,low
38645847-a047-4e0b-8c26-ee58ea3468ec,borehole,7.043646,8.611495,2016-02-03,2022-04-13,functional,low
98028dcf-ebbe-4343-ae0b-61f35a807198,water_tank,13.493808,11.057808,2021-01-21,2022-02-01,degraded,high
a2088e63-da56-4c9e-9733-52655a2f102e,solar_panel,10.156522,13.968637,2018-02-19,,degraded,medium
fadb5dd5-83a9-40e9-ada3-c9c80159dbac,borehole,12.554502,3.892255,2022-09-09,2024-08-29,functional,medium
abce6cf1-afc6-45be-b991-eb9e58b23017,borehole,13.682069,14.088129,2024-03-29,2024-11-13,functional,low
b40bbe81-6ec8-4c4a-bd91-3bbde5b232ad,borehole,4.505785,6.70211,2016-05-30,2018-11-16,non-functional,low
97e68f57-9b5c-4d46-a6b8-1f729e2e057f,borehole,9.863831,12.456636,2017-08-12,2019-06-07,degraded,high
232cb9cc-c3e7-422d-b237-4555aff0d69d,solar_panel,12.584061,4.436256,2016-06-16,2018-07-30,non-functional,low
727c2721-46c7-4d51-bb6b-87ff06df5a5b,borehole,4.148603,12.179816,2017-09-01,2018-01-03,functional,low
975fc62b-c5c9-49a1-b24f-3586b7d3a137,water_tank,8.209606,4.063792,2015-09-18,2024-08-07,degraded,medium
3e21f3ad-88be-4dd7-9ca3-81b5e8389e0d,solar_panel,9.038387,14.044988,2015-06-27,2023-01-14,degraded,medium
e0609db8-c8d4-4d96-8563-5c7bcb3ae639,borehole,4.608254,8.447783,2019-07-04,2020-04-10,non-functional,medium
f9b6bff8-903b-43c3-b829-dd5fbb30ca35,borehole,12.992668,6.565342,2016-08-30,,degraded,low
07d44a3e-1e54-45be-92e0-9a1fd65f1f0c,water_tank,11.121528,7.270853,2021-09-12,2024-05-28,functional,medium
b2a0c5ad-a6ef-4969-b1d5-13034298ad7e,water_tank,5.144141,10.556555,2024-11-04,,functional,medium
48387738-fa35-44b9-a53d-35b04538be57,solar_panel,12.88091,7.665763,2024-04-12,2024-09-25,functional,medium
58cddd5a-04a4-4d79-9bf2-0fd73dc8a0fe,solar_panel,10.651079,7.191612,2016-09-17,2022-03-12,non-functional,low
7c664e7e-349e-4588-819e-bf8bfac42c97,borehole,8.318765,11.635068,2019-03-07,2020-01-06,degraded,medium
21345db4-4e76-4544-b0c8-08e0c0a896b2,solar_panel,10.700133,7.629704,2024-10-18,2024-12-29,non-functional,medium
36033c30-0bb4-4f3f-8705-cf24d41cc5cc,borehole,13.683986,9.904921,2018-12-11,,functional,medium
a0249ed9-93b6-4823-8130-58c83f50fc7d,solar_panel,6.242449,3.998621,2024-06-24,2024-09-21,functional,high
c75feabf-a438-4e4d-80b8-7bc282d87bf9,solar_panel,12.451552,14.394559,2024-03-06,2024-10-24,functional,medium
3eed9276-0ae3-474a-ad08-ce27d8bdd60b,water_tank,12.294608,5.909373,2017-01-08,2020-08-25,degraded,high
8ef3ac72-730a-4de7-ae89-5d0e532244a7,borehole,12.698627,9.495853,2019-06-30,,non-functional,medium
83909876-7fb4-4830-b75b-1dc4fa1a4a17,borehole,11.461118,5.281595,2019-09-16,2020-10-02,degraded,medium
a00d8e90-bf3a-4bcd-be27-cb7a4da26563,water_tank,9.962238,13.300106,2016-09-29,,non-functional,medium
036943fc-8894-43a2-a548-e57a482859ce,solar_panel,8.43113,7.788177,2021-10-22,2023-07-03,functional,low
cc6341f0-2678-4b02-bf5b-4c35103bfc1d,solar_panel,8.299136,6.098958,2022-08-11,2024-04-01,functional,medium
edd7ed7f-cb1b-4bf0-aa51-e449d975da67,solar_panel,13.844457,3.357384,2017-04-17,2019-10-29,non-functional,high
8288b24a-a423-45c4-a8cf-73825cb50e01,solar_panel,7.281224,2.792759,2023-05-18,2023-11-26,degraded,medium
5a45f4a8-be46-4ab2-af19-51ddd33a9cb1,water_tank,9.587236,10.716578,2018-12-21,,functional,high
6a77ab4e-d116-4061-bb02-7d2dfc780004,borehole,8.597543,3.634351,2018-07-06,2023-03-18,functional,medium
965ae046-03cb-4ee4-bf8e-e512af02679c,borehole,8.050323,14.294396,2016-12-04,2024-01-08,degraded,medium
b5d0b382-0c01-43aa-91f7-dbc2ec536416,solar_panel,4.881299,12.833812,2017-09-23,2022-05-20,functional,medium
5d4bbecc-3bfc-4bbe-bddb-2b65c709ab2d,solar_panel,11.458048,5.358865,2023-09-27,,functional,medium
1c89dd77-85de-4d93-a375-b1e75d23aa48,water_tank,5.939037,12.014739,2018-12-09,2020-10-03,functional,low
e8d680e6-be0f-475f-8203-65e0d69ae54f,borehole,5.73499,4.534437,2023-07-07,2023-12-04,degraded,high
a01a5b45-4dcc-4c58-a662-a21e7fc1ac69,solar_panel,11.544458,11.818526,2020-01-13,2023-05-13,non-functional,medium
ceb74583-a79b-43ac-8e80-103ef3fc1f3c,solar_panel,12.642469,10.226609,2016-09-10,2022-02-11,functional,medium
1443f3c1-905b-49c8-8a1d-f36710304750,solar_panel,9.914198,6.923307,2015-10-31,2021-01-23,functional,low
775d71a9-7cae-45fe-8522-cb9fc1e9f1e4,solar_panel,4.76731,13.071,2024-08-04,,functional,medium
9609477f-6fb1-4080-8466-a13c9de5402a,water_tank,9.543164,12.201814,2015-06-18,2024-09-15,functional,medium
46e6fe08-4dc9-40a3-bf14-c059c89ab729,water_tank,8.75629,4.510333,2015-09-11,2024-12-13,functional,high
d5962fc2-ae4c-4687-bfd5-f1e96e16712e,water_tank,4.843291,10.453525,2015-06-10,2020-07-06,degraded,high
871b2aa7-ddc4-43ef-a59b-eb7943ae93c0,water_tank,5.587462,7.174224,2018-03-04,2022-02-16,functional,medium
6a3603fb-36a5-4bb0-863d-6bc534407e7f,water_tank,10.473054,3.490942,2016-01-23,2020-07-23,non-functional,low
dd8bb578-60e7-4545-91f6-84cb1e10336c,water_tank,13.6441,9.93241,2016-09-07,2023-05-20,non-functional,medium
cb370cee-8a76-4111-b78a-5fab1f31f6f9,solar_panel,13.676965,11.08176,2019-05-25,,functional,medium
d5e62ea0-c1d9-4b25-9eb8-daa04ad40eff,water_tank,7.766793,12.199943,2024-02-13,,non-functional,medium
32db4817-3577-4148-a8b3-56e8145aee85,water_tank,13.12448,3.821436,2022-07-09,2023-09-12,functional,low
1fa32876-94dc-481d-8d80-b0bc91999a2b,borehole,7.417323,11.893874,2017-02-25,2018-11-10,functional,low
df749de9-dac4-4290-b32b-6ab6bf9c3530,borehole,9.076897,9.177249,2023-04-14,2023-07-21,degraded,medium
68478b05-08e8-4d20-9345-cd38a8f8a396,water_tank,5.31049,7.220638,2016-10-26,,degraded,medium
a484d56c-f6e0-4da8-8dba-d9275228791e,borehole,11.21183,3.224309,2019-02-01,2021-11-29,degraded,high
1c97182b-94b0-4fbc-b2d0-2d59f467069c,water_tank,11.838004,5.508035,2017-09-06,2023-02-08,functional,high
bedbdeb6-d48f-46ce-8d90-fea536d66b6e,water_tank,13.471302,14.513278,2020-03-06,2024-09-14,functional,medium
bd10d258-4886-464e-a291-b8b30123bd76,borehole,12.168912,12.315111,2016-07-20,2017-04-19,non-functional,medium
f01886e6-f8da-4f6e-baf4-a0c3a0e32bd3,water_tank,13.342936,11.236812,2020-10-14,2022-07-19,functional,low
a48540c3-c976-4879-8eb8-d87d34c8c140,solar_panel,13.053062,4.468184,2019-11-27,,non-functional,high
d02d4955-9be5-4fcc-acdc-d068ed28b620,solar_panel,13.304719,7.678763,2019-06-12,2020-12-05,functional,medium
d1d8d19a-e620-48d3-bb32-497ba6117b7b,borehole,4.281875,13.869911,2024-05-30,2024-10-22,functional,high
75b3e041-eba7-4c61-b11e-452c03b338a3,solar_panel,13.173962,8.369459,2024-04-27,,degraded,medium
0b66d7cb-1cd9-46fc-991b-1e6cbe0195fe,borehole,13.058575,2.928047,2017-06-02,2023-09-26,degraded,high
4538c746-a46d-40ae-a26b-008d97358fc1,solar_panel,5.111869,6.157219,2018-05-18,,degraded,low
0861e39f-1349-4537-800a-e93ad4ea14d8,water_tank,8.571136,4.030295,2020-08-09,2020-11-10,degraded,medium
fe5542f9-300f-449f-ac42-0cccca282f41,water_tank,5.435768,7.850867,2021-11-23,2024-05-24,functional,low
d67c9001-bc6e-4e4a-86ba-609a92f5d777,water_tank,13.746545,3.512152,2020-11-24,2023-11-28,functional,medium
ab031346-733c-49dd-b43d-b068fc00d5d0,solar_panel,4.435344,7.342576,2019-03-10,2019-07-14,functional,medium
47d7a48d-a6d5-4ddf-9c2b-039b41dbbf38,borehole,11.32941,10.239084,2023-08-27,2024-11-16,functional,medium
ce8063e9-c3f1-4a8d-be57-605fc04d44a0,water_tank,7.385473,10.413547,2024-04-24,2024-10-19,functional,high
0dc2b518-d101-4c7b-9178-c13e5a379770,borehole,12.114977,3.457206,2023-09-15,2023-12-02,functional,low
34c5882c-be8d-4268-ac81-90524ccb9ae2,borehole,12.857904,6.48715,2018-06-24,2024-09-24,functional,medium
7eae0251-815f-43c9-b629-76872567a691,water_tank,5.911034,6.98369,2023-10-04,,functional,medium
98081b4e-eea7-4491-b654-e398dfa691e0,solar_panel,8.369514,7.500261,2019-12-07,2022-04-06,functional,medium
03a7ce8a-ebbd-421a-82a0-b57474464e81,water_tank,8.975234,13.791726,2020-10-27,2021-06-13,functional,medium
4a69a349-7c58-4dcf-badb-491b2748e008,water_tank,13.950982,4.865478,2018-04-18,2019-05-10,functional,medium
9039229a-6cd0-4ddc-99ac-c703fe26eddd,solar_panel,10.026216,7.813393,2022-09-26,2024-02-25,degraded,low
ab4bffd6-7c24-4524-a0cf-a82e2035ea1b,solar_panel,10.148515,7.919286,2022-03-04,2024-12-28,functional,low
c92810f7-938c-4e05-b780-2c5abb9c8fff,solar_panel,7.633111,12.313152,2022-08-14,,non-functional,low
0f7f698f-7f08-45d2-891e-36f4027b492c,water_tank,11.81312,3.117588,2015-10-03,2023-02-25,functional,medium
0118df59-b4ba-424f-a45f-a2f0ad0e0235,water_tank,4.323853,4.541258,2020-01-17,2022-04-17,functional,medium
ef7b380d-ee3b-45cd-871b-be7b5ec7a4ed,borehole,9.294599,7.476409,2022-04-14,2022-10-07,functional,low
2687c1de-bf0e-4aa8-92e1-3d4dc4b79fe0,water_tank,7.869874,9.440073,2017-12-08,2023-02-07,degraded,low
e55e6656-f09f-4e37-9f71-8981d7f4ff80,water_tank,13.164789,8.594402,2016-05-17,,functional,low
d2218db3-6f5f-4013-b68c-b7713462b79d,water_tank,8.451112,3.753489,2022-08-25,2023-09-16,degraded,medium
3bdd3da0-b5a2-4dbf-a021-ee0ca2dc7c21,water_tank,9.421714,13.39598,2024-07-19,,degraded,medium
c72703fe-5f7c-4a25-8ec4-d8148de6e363,borehole,11.936964,8.805069,2016-05-12,2018-01-30,degraded,low
05211c03-f6f0-4dc4-aef0-e8db3c100838,solar_panel,9.540214,7.126934,2024-01-05,2024-05-10,functional,medium
42a0ecae-8ac2-4006-809c-f88b705a8268,solar_panel,7.9816,11.303203,2020-05-14,2024-11-04,functional,medium
b98720af-21e0-402a-bf48-0f4d46ed38f5,borehole,13.723797,10.408063,2020-01-18,2023-02-10,non-functional,medium
85a4d760-6b4e-47aa-9749-a86ba2c6b5f2,water_tank,10.397939,4.883558,2016-06-12,2017-03-25,degraded,high
edc856eb-47c2-41dd-b289-42e6a09ab37d,solar_panel,5.646571,6.571929,2022-12-15,2024-07-28,degraded,high
d0b2b5f6-a296-41b5-9c0b-fb76ecf51716,solar_panel,5.963019,14.17622,2018-01-29,,degraded,medium
2bed03e4-3c97-44aa-86f3-f81ecb88ebf4,water_tank,10.409874,9.801701,2021-07-06,,degraded,medium
f202c6de-5388-4a9e-ac1e-2dd5eb22d6d6,water_tank,7.376196,13.787157,2015-06-18,2015-12-11,non-functional,low
5ec1d43f-902a-4119-862d-699ba116d742,water_tank,6.646559,5.229701,2021-06-01,2021-10-01,degraded,medium
4a5b7df7-53d9-49f0-a569-8fc07e4670cc,solar_panel,10.419073,6.325129,2017-09-30,2022-06-19,functional,low
36d61e58-5dc6-4efc-a4bb-05b7cca8cf31,borehole,5.580804,7.687461,2020-03-17,2023-10-10,degraded,low
b2a1bfa1-51b5-49c4-a7cf-9951cae2cff2,solar_panel,11.341998,13.029328,2019-06-22,,degraded,medium
22cdb151-3603-491c-bab2-c383a83db903,solar_panel,6.417379,4.170263,2020-01-16,2020-09-30,non-functional,low
3d47bae2-2429-4bd3-9a8d-7b87bd407be4,water_tank,8.181347,14.25223,2016-10-16,2023-06-08,functional,medium
f77a911f-0128-41a7-8455-2fd4d089f849,borehole,8.982655,8.876698,2020-08-04,2023-07-18,non-functional,low
dc7bcd02-2b4c-4ec8-b19c-ab84922af438,water_tank,8.572306,5.588744,2021-07-17,2021-12-27,degraded,low
b0daa266-dd30-46e3-bba2-c038f38abb5a,water_tank,10.725206,6.128981,2015-02-03,2020-02-02,functional,low
129cc793-f80b-467d-91c0-f226a28d2e5a,solar_panel,11.638568,7.091248,2019-06-29,,functional,medium
21afcf07-f26c-44cd-a007-415d055c4a73,solar_panel,4.735317,8.751066,2023-07-28,2024-11-21,degraded,high
b0a47365-df0a-4111-8e74-4796595ae78c,borehole,5.286634,3.860178,2019-03-09,2023-02-24,functional,medium
d32352cb-9a8b-4a32-a997-6650660ea66c,borehole,5.990579,8.80947,2020-08-10,,degraded,low
b8c38b9c-d005-4bc5-8b4e-f2ec242d3634,solar_panel,9.193327,4.487288,2020-10-12,,functional,high
c9364d2d-be89-45d2-a4d9-0935290a763d,solar_panel,13.906157,11.571832,2018-05-10,2024-03-16,functional,high
2d6ecae0-3030-4f7d-803c-a390f334883e,water_tank,9.629243,8.398711,2015-03-10,2022-11-27,functional,low
c224a1bf-c281-4cc5-bf28-8382207c1e58,solar_panel,11.967548,11.403891,2022-09-19,2024-07-21,non-functional,medium
18c4769a-110f-4774-b8e2-94f5cdb0016e,water_tank,9.776344,11.356801,2021-07-18,2024-08-24,functional,medium
795c9da9-e3c1-44b0-9d79-40c8afc4838e,solar_panel,5.477757,10.868723,2015-05-10,2023-05-17,functional,low
38bbd8a9-b471-476d-aae5-b0e29bd535d6,solar_panel,8.187803,7.655521,2017-04-15,2024-04-22,non-functional,high
cfc0b362-b156-40e8-9303-e54786b389e8,water_tank,11.274021,11.169303,2020-10-25,2022-10-20,functional,high
449659ad-065b-47f2-b255-53a0ed26fcef,solar_panel,7.137526,4.778189,2020-12-23,2023-02-16,non-functional,medium
334fcec3-5e8f-44b9-9460-6f6fa9ac8ab6,water_tank,10.433091,11.01976,2021-11-03,2023-05-21,functional,low
d65b585c-776f-4708-ba55-0aaa166774a6,solar_panel,11.711743,11.158811,2022-09-28,2023-10-17,functional,medium
1f4dca50-09d6-48ef-9192-f93e0086638e,water_tank,6.734575,4.162489,2022-08-03,2023-11-10,non-functional,high
4a6815fa-fc21-423a-ac59-c0e9bd175d45,borehole,6.904527,6.151564,2023-01-04,,degraded,high
31f7a63f-944b-41ae-92ba-136c335ead3b,water_tank,8.790793,5.124816,2021-01-15,2024-05-10,functional,medium
ded8ee5d-69d7-47e8-bd8b-8834c937f28c,water_tank,11.40891,5.571385,2015-07-27,2021-09-08,functional,low
f4dd1a2f-9cdd-4248-ac35-3e9f9d8ad41f,borehole,8.133014,11.308297,2016-02-16,2017-10-31,degraded,low
8467c485-b7b4-4cca-ac2c-5d6f0387b047,borehole,8.069075,13.920385,2024-11-06,,non-functional,medium
cdbd5d4e-bbd9-4274-84ad-331da8a76daf,solar_panel,7.211677,10.450775,2023-08-15,,degraded,medium
9877772f-e43e-4294-a2f1-e7999521bf9b,water_tank,12.503331,3.147579,2016-12-18,2019-02-06,functional,high
0d4b5ef2-6181-4199-a43d-4a40b52bd447,solar_panel,11.879606,4.93574,2023-05-26,2024-05-16,functional,high
f9553ab1-2793-42af-bc36-753e3c495712,water_tank,10.02783,13.841458,2018-10-04,2024-10-19,non-functional,medium
6d905608-b970-4b97-8817-9a21da131c8e,water_tank,8.680208,5.013737,2016-04-06,2024-08-16,functional,medium
8eecc840-1b9d-429c-94f1-1482f7ec8207,borehole,4.140842,6.745346,2018-04-23,2020-08-21,non-functional,low
f1f2b127-80b2-4508-8896-fb134ad73fc8,solar_panel,12.269898,8.883368,2015-12-22,2017-03-16,functional,low
5f4fe9da-41e4-4f6e-9922-162c7b2d9e0f,solar_panel,13.358254,2.781961,2019-04-21,2023-09-10,functional,low
231b2abf-f37d-4470-b00e-80841710ebec,water_tank,11.228825,2.837229,2022-05-01,2023-02-26,functional,low
9c5a5de1-5822-42b0-b6e3-0bab58724441,solar_panel,5.597168,10.932883,2024-12-15,,functional,medium
be973a84-c392-46c5-8e95-ab754d8bde2b,solar_panel,7.675439,5.350191,2016-07-01,2021-10-06,degraded,medium
b54f6c2b-31e5-44a6-8315-297a7cf1a426,solar_panel,11.019407,13.653563,2023-06-30,2024-08-03,degraded,high
11d2d3f9-7a8c-4edd-bd1f-ad1f2463b9dc,water_tank,11.547395,13.177621,2015-12-02,2022-01-02,functional,medium
a1ecd7c5-859c-4079-bb3c-3382bc3be6ba,water_tank,5.122088,12.645289,2020-09-01,2023-11-04,functional,low
d3f3072b-611d-4d19-ac83-87469b1d9d8f,water_tank,8.418406,10.863543,2023-01-15,2023-06-17,functional,high
57140dff-5e42-487e-8050-ff30d2325d07,borehole,8.534323,8.858974,2020-02-15,2023-06-03,degraded,medium
7b07fe83-0993-4c59-b3cf-3fe1dd26e72f,water_tank,4.217705,5.753487,2015-01-13,2021-09-06,degraded,low
cef537ff-2a8e-405b-836d-e926acf822be,water_tank,4.637599,14.629484,2015-10-10,2021-03-25,degraded,low
d7cef105-320d-4952-8a40-f664bcafafd1,borehole,11.658277,14.439999,2022-03-30,2023-06-16,functional,high
d745745b-4699-442b-9e7d-aab54ac497a4,solar_panel,7.756455,10.892764,2022-06-03,2022-12-16,functional,medium
d96b22ae-91f0-4c2a-a6ad-16dc52904d14,borehole,13.928468,7.416704,2016-06-05,2019-02-02,non-functional,high
c6313ffc-b115-4260-8c64-2c87f56e5953,solar_panel,8.630039,11.329128,2019-10-04,2024-07-15,functional,low
c756e5a5-3912-4361-b458-4618244309e7,borehole,6.756497,13.948924,2023-02-17,2023-05-20,functional,high
b2c39816-52b7-43c4-80b0-058a65314ca7,borehole,6.406663,3.507491,2021-08-29,,degraded,medium
8f6d2abc-fa33-4ab9-9acb-f40065d31966,borehole,6.447342,3.230841,2019-12-03,2021-04-20,non-functional,high
6d8d9826-b4bf-4089-a59e-cf2981ad4f02,borehole,9.038958,6.171161,2024-02-24,2024-09-18,functional,medium
b7f66d36-bdce-4d88-b666-3ac74da248da,water_tank,12.183825,5.542848,2024-10-29,,functional,medium
aaf52ef5-c6c8-477a-a7c0-e41818cf1948,solar_panel,6.751539,9.380617,2021-08-20,2022-10-12,functional,medium
672269b5-0f66-4f59-8f94-0a073aa321f3,solar_panel,4.468841,6.832978,2022-03-20,2024-07-31,degraded,medium
fab729ee-adcd-4afd-b185-c64bc17e6638,solar_panel,5.492176,7.217522,2023-06-18,2023-12-18,functional,high
e874e5bd-f188-4f6c-b85d-49f9a131e54a,water_tank,5.443517,8.256302,2015-08-25,2020-06-25,functional,medium
b5c26cb3-e3dd-4b55-8cc5-c2ee9a3889df,borehole,6.549956,6.663156,2015-11-20,2020-03-17,non-functional,low
3b5a0ee5-0c43-4e6a-b478-7471ad1d4d6f,borehole,4.515366,7.226016,2021-10-13,2022-05-10,degraded,low
e4a6b9e3-609c-4da1-b3d5-e4fe0a9d5ca5,water_tank,10.714505,5.304198,2017-05-05,2021-03-28,non-functional,medium
bcce56ea-42cb-4d10-b2c3-df17bf76a0c0,borehole,13.371598,14.244931,2016-04-25,2024-12-08,functional,medium
b47d3d78-0f33-4b49-9003-1aee1ed88874,water_tank,11.037686,7.459585,2017-09-07,2021-01-08,degraded,medium
335b8654-1f20-4e9c-b906-2e47659efb0f,solar_panel,7.084223,7.015735,2024-11-24,,non-functional,low
f9772fef-dff8-40e3-b067-5dbe6276cc36,solar_panel,11.61629,6.542799,2017-04-12,2022-01-31,non-functional,low
67c06aa1-4976-40e1-887b-8e3943511f43,water_tank,5.459227,5.829289,2021-07-20,2024-01-21,functional,low
32ca4b4d-5698-499d-88d1-9e82fefde37a,borehole,7.798398,12.700353,2020-08-07,2024-08-08,degraded,medium
849a6810-f921-41a7-8baf-8bc60618ed04,solar_panel,13.665083,10.400333,2020-07-02,2024-10-09,functional,high
62adc8cf-972b-4653-b041-be6e7c1b27bf,water_tank,9.465463,4.908573,2024-12-21,,functional,medium
a8600518-3556-44b6-af05-234e2391d02d,borehole,12.390685,3.591965,2024-03-04,2024-11-14,functional,low
592b3551-a4c6-434b-baec-0f4f879fce42,water_tank,6.314334,11.186035,2015-02-07,2020-05-18,degraded,medium
999033b0-2260-4099-9d1c-9482e97963e8,water_tank,13.339037,13.653017,2022-05-24,2022-07-29,functional,medium
5bfa0338-feb7-473e-8e99-469c5a964dbc,borehole,9.294176,5.996889,2018-03-20,,non-functional,high
180d517c-9650-433b-b469-0e10007b065c,borehole,5.070164,3.855767,2016-09-01,2023-10-13,non-functional,medium
b81919f1-900c-47cf-ae65-259fe67e5dfc,solar_panel,11.949363,3.648231,2019-07-22,2021-01-30,functional,high
e2e4a955-788f-4c61-8e2a-3a50ffce2340,water_tank,12.280621,3.667403,2024-08-16,2024-10-19,functional,low
86fa8c2f-2bc9-438b-a474-2180b5ed94ba,water_tank,8.760051,10.340977,2022-11-18,,degraded,medium
35bf76e0-4fc8-4664-b7da-7af37044a850,solar_panel,9.658566,12.995524,2016-01-26,2016-09-16,non-functional,low
af2823eb-cba1-4ba1-ba09-94313a797a5f,water_tank,12.875543,8.406003,2015-07-10,2023-05-12,non-functional,high
64a9e94c-865b-409b-abd8-71e510c0b58d,water_tank,10.581092,4.852254,2024-07-15,2024-10-09,degraded,medium
59755d0e-cb65-4036-af21-173bd8cf1808,water_tank,12.209024,13.846499,2018-05-10,,non-functional,low
545cb00f-d521-450f-b0ef-0894174c465e,solar_panel,10.77035,9.186749,2019-04-22,2020-04-02,degraded,high
e6680134-7a3c-4e82-98fc-a3532772f36b,borehole,9.007929,14.39188,2015-08-08,,functional,low
0091e1bb-2169-425c-9c65-8fc627a11d1a,water_tank,11.690057,14.158301,2019-06-13,2021-06-10,functional,low
59054137-7360-4613-a1d8-603d1b8f22ed,solar_panel,8.906035,6.969734,2019-03-18,2023-08-20,functional,low
6a7fd84a-b833-479b-a45f-ed7cd1e3452d,borehole,11.131085,3.684456,2016-09-23,2024-01-01,functional,low
5923caec-4ab4-47e6-ab86-087f7aba162b,solar_panel,5.065509,2.762343,2018-06-16,2021-08-23,functional,low
0a6cf7e0-3c90-4dd3-a6c3-41b72c89582f,solar_panel,8.488437,9.35688,2019-07-30,,degraded,low
bf9ae7de-13f4-4b70-a34e-4156d7dcd9f3,water_tank,9.980438,6.593164,2019-04-27,,non-functional,medium
a83a9797-2af7-4dfc-b206-8bc92b385fb0,water_tank,13.01136,13.562491,2017-09-21,2019-10-15,functional,medium
978dc1a6-1dab-4d14-bf81-6aee51b408da,solar_panel,7.011313,8.617487,2015-09-17,,functional,low
a76503f2-261d-46dd-857e-df0ee7d41eb5,borehole,7.611249,14.030668,2023-01-31,2024-11-29,functional,medium
026be7d4-049e-4786-a388-f2715c03564b,borehole,7.04658,14.085882,2018-09-22,2023-02-24,functional,high
8c892e7c-6a66-47d5-9a5b-bfbb0d83938b,solar_panel,8.306162,12.582423,2022-04-20,2022-11-05,degraded,medium
f66ed284-0d29-4b98-b64d-affba7c9a70f,water_tank,6.008515,6.470199,2019-06-20,2021-04-06,degraded,medium
706acf2e-caa9-4ae0-8ac0-a1275c9d9247,water_tank,11.819744,6.610635,2018-02-22,2022-09-18,non-functional,medium
58d44017-eecb-4d0b-8f63-8414d9ece224,borehole,9.92227,9.247549,2022-08-24,2022-11-19,functional,high
7e9aba6c-0d61-4996-870d-5d6c266c8c10,water_tank,6.096484,12.272226,2024-04-27,2024-10-08,functional,medium
dddc510c-3d8c-47e9-83cc-d3231eef75fc,solar_panel,6.420212,10.603956,2023-01-08,2024-03-29,non-functional,low
283bb98c-1f84-406a-bd4b-4dc7f7aa065c,solar_panel,9.82244,9.112409,2024-10-02,2024-12-18,non-functional,low
2e75fed0-327f-4305-9a72-363698acfdc4,water_tank,12.955015,9.142872,2022-02-26,2022-08-16,degraded,high
873542ae-c730-4ab8-ba6e-e26f7fb6cc79,solar_panel,5.663385,10.052135,2021-04-25,2023-09-20,functional,high
ead17c41-8139-4e8a-9e3a-4bfd373d6b99,solar_panel,5.059446,3.883279,2017-06-28,2023-06-21,degraded,medium
247a4bb8-6df0-408c-ad30-92d8e572903e,borehole,8.457786,7.39361,2023-08-30,2024-10-16,functional,medium
86051c5b-cb75-41b4-8c37-ed5e51d63257,borehole,8.827711,6.245187,2015-12-18,,functional,high
0a45ef6e-3f68-4a0a-8a00-04038353c566,solar_panel,7.430667,12.11124,2020-11-04,2023-09-05,degraded,low
835d6a17-e9cb-44f1-84be-03be847714ed,solar_panel,7.189095,6.303169,2024-02-01,2024-04-12,degraded,high
fd82ec1d-8550-477d-85bf-db1f072c2a07,water_tank,12.000501,13.859069,2023-04-22,2023-12-16,functional,medium
43588906-46b2-4506-af46-a2377716565a,solar_panel,13.584626,5.482267,2019-07-18,2020-10-01,functional,medium
7fb7cd31-25e1-41df-8f35-a13ecb34684e,borehole,11.373884,13.297168,2020-01-16,2022-05-21,functional,low
0f718eb4-1c00-4f67-8ccc-24c229334921,solar_panel,11.523255,12.404757,2015-09-14,2024-10-30,functional,high
5506ee94-3736-43e5-b0aa-ce8a2aaa017b,solar_panel,5.970743,4.06746,2022-07-10,2024-03-01,functional,high
74d7060a-254a-4f09-b2b2-8217f6fce90b,solar_panel,10.113084,9.744057,2018-11-26,2024-03-14,degraded,medium
0df14a1a-f359-4289-be80-47bc8f7a0a1e,water_tank,12.006134,13.724191,2021-08-14,,functional,low
2e3a5f82-50c9-48ec-a33e-f83f7394f812,solar_panel,5.169489,7.179673,2016-08-02,2021-06-10,degraded,medium
518e304c-632e-496c-8c67-bdaf68e9caa4,solar_panel,5.857537,10.32602,2022-10-11,2023-06-05,functional,medium
6c381a27-476d-455b-bf29-eb18ebf91674,borehole,5.870986,12.803823,2021-12-12,,functional,medium
57b19622-b7ed-4b8c-a4e7-21a82afa4bfb,borehole,5.951285,7.30733,2021-04-19,2024-03-27,functional,medium
2abe5361-55a7-4753-b57a-da72ad60a3e7,water_tank,12.398918,8.564394,2015-12-05,2024-08-16,functional,low
550d8f65-9669-449d-a4e8-28733e97e88b,borehole,9.376086,4.718508,2020-02-17,2024-08-16,functional,high
9501d22e-375a-44ed-84aa-46f79397bbe3,borehole,9.727141,5.914667,2021-02-02,2023-04-24,degraded,medium
21981de1-4bf5-42b6-95d1-c5e00b30c81f,water_tank,8.413666,5.322503,2019-10-08,,non-functional,high
b7a06954-a366-4a25-a351-9d071bc37b94,solar_panel,12.748098,3.086765,2017-12-12,2019-02-01,non-functional,medium
3cd5059f-95bd-4fb3-a34a-7fea45141c23,borehole,6.098782,11.551356,2022-09-23,2024-11-18,functional,medium
19ee8693-04c4-4188-85c6-0c01f3b55f46,water_tank,5.39235,5.179436,2017-04-27,2023-11-17,functional,medium
0f33a93c-1f35-40e1-aef2-6081bda43ef2,water_tank,5.683774,14.448002,2018-04-13,2021-06-11,degraded,high
bacc8a0d-3a56-4643-a330-668d943840a1,water_tank,12.151809,4.327067,2023-05-31,2023-09-28,non-functional,high
43215fd9-c880-44aa-9af7-594b0ab9741d,borehole,11.014265,4.29229,2016-08-22,2019-07-31,non-functional,high
c68dcae1-7305-4835-a3c5-55d5faa87438,solar_panel,5.421716,10.288824,2022-01-15,2023-06-21,degraded,low
bb34a171-ca1c-4d3b-83f4-70edc915b4b1,borehole,8.028508,11.697629,2022-10-16,2023-12-27,functional,medium
e31a9920-57ff-4ac4-a3ca-74b91f52280b,water_tank,4.024731,11.989623,2023-03-21,,degraded,high
bcf2d3e2-2ae1-4807-8929-863dbc1ae19b,water_tank,7.582227,3.459968,2020-12-29,2023-07-26,functional,high
feeb0fd2-fbf4-4794-8ad8-215aeb14cb51,solar_panel,12.283436,6.753062,2021-06-25,,non-functional,high
6552134c-476c-4656-a92c-4c34105f5f1a,water_tank,11.62254,3.251315,2022-01-08,2024-10-05,non-functional,low
bfe42372-0d77-47c7-950a-a494a36abcae,borehole,8.412859,2.708111,2019-10-19,2023-10-28,non-functional,high
90117410-14c4-4826-8b32-6f30c2978860,solar_panel,5.589775,13.892707,2018-01-27,,functional,medium
31ef8c3e-06af-4d72-8806-36b797faaa63,water_tank,13.038003,4.686301,2019-06-12,2023-09-05,functional,medium
ef80767b-b9d0-4958-8735-a8311ea84ca0,water_tank,4.911992,3.842204,2017-05-24,2019-01-17,degraded,medium
bf889153-d8a5-48a1-a121-a5436161c70a,solar_panel,4.092869,11.047165,2024-02-29,,degraded,high
4f1a09ef-ca7e-45ad-85ac-511748985998,solar_panel,4.708283,7.296839,2023-03-13,2023-08-25,degraded,medium
e1f17ad5-1bbe-4c7c-8bbd-656cf9ed8a2d,borehole,7.82721,12.460415,2024-10-21,,functional,high
dd0ecb1f-dbb7-47ac-abb8-55740d3ffe69,water_tank,9.632912,10.023831,2016-11-03,2019-05-24,functional,medium
ae8faae4-3e94-434d-aa8d-e50c97dbadb1,solar_panel,10.16076,8.008606,2017-06-08,,non-functional,low
ec82c897-2d88-4fe6-83b8-c168dbe3f9f1,water_tank,11.300091,6.918428,2019-10-25,2020-10-05,degraded,low
1ce4f41a-6f46-45b1-b8ac-8f1ed919f90f,borehole,9.533966,9.900094,2021-10-24,2022-02-15,degraded,high
74046e65-ce03-4ede-82b6-1547f8f6bf35,solar_panel,6.054457,9.983122,2017-02-11,2020-08-04,non-functional,medium
b7688ad3-3062-4844-8772-f9d29e7f3aba,borehole,8.948877,4.052924,2020-08-08,2021-03-01,non-functional,medium
28231a30-7ac2-476b-b0cd-e2b6123e2d6d,solar_panel,13.339244,4.283795,2024-08-26,2024-12-17,degraded,medium
99c7de5c-3332-42de-bce1-bc336a11aca6,solar_panel,13.54453,11.944405,2015-03-10,2015-07-04,functional,low
34a5a01f-3844-4e29-a04e-36f8fbe984f5,borehole,13.4868,7.4757,2018-03-19,2023-12-30,functional,high
8326fca2-c1bb-4a67-af6f-ec182c189837,solar_panel,4.824278,9.138778,2021-11-28,,functional,low
f2008e48-45d0-4188-9051-b32e3a01dea7,borehole,13.743134,4.564526,2018-08-31,2019-07-27,degraded,medium
76ea7001-df89-49ee-af19-767bfd4d2e3a,borehole,4.579059,3.734554,2019-11-15,,functional,medium
629bfa64-918c-4c98-aca4-469923e027fb,water_tank,11.416935,11.587898,2016-05-04,,functional,low
73d36079-34b7-4656-90eb-563497d4aff8,solar_panel,13.530162,8.976064,2023-10-13,2024-04-22,functional,low
72c55aa5-b062-48de-9f53-cd1a5ab70b9d,solar_panel,11.329358,4.116681,2015-05-01,2020-04-22,functional,low
70f09679-aa31-451d-8dcd-fb6f6befc2f9,water_tank,13.750506,10.230394,2020-07-25,2022-09-30,degraded,low
2cc32f12-ac79-4045-a8ca-2326e288f907,borehole,7.676878,5.761393,2016-02-26,2023-11-17,functional,medium
